戦略,売り方,スコア,規模,取引数,勝率,平均損益,中央値,平均保有日数,PF,上乗せ
勢い,A 5日/25日線クロス,1,TOPIX外(新興など),3103,0.3931679020302933,0.00714119021774921,-0.010298036657010123,27.619722848855947,1.2073832329344607,-0.003861730283376971
勢い,A 5日/25日線クロス,1,その他(個別指定),106,0.4528301886792453,0.052087817770882956,-0.003816958264268089,27.452830188679247,3.2140811286249886,0.012173146530416358
勢い,A 5日/25日線クロス,1,中型(Mid400),3623,0.4054650841843776,0.009810852362468725,-0.013706139015015495,27.49875793541264,1.3158323807022763,-0.0057744833621075995
勢い,A 5日/25日線クロス,1,大型(TOPIX100),3390,0.43805309734513276,0.01438448345126598,-0.008955630735190345,27.499410029498524,1.5530106648156379,-0.003825365078266156
勢い,A 5日/25日線クロス,1,小型1(Small1),3626,0.416988416988417,0.010573789285653211,-0.011433959331133281,26.803640375068948,1.3511036174083166,-0.004841132867596449
勢い,A 5日/25日線クロス,1,小型2(Small2),3395,0.3961708394698085,0.011847667036876132,-0.012351233318655952,26.275699558173784,1.4117446287467592,-0.0023690472231989775
勢い,A 5日/25日線クロス,1,日本株 全体,17137,0.410281846297485,0.010797141844819086,-0.011357127720788895,27.131411565618254,1.359659198891407,-0.0041704354908223195
勢い,A 5日/25日線クロス,1,米国(S&P500),4576,0.45651223776223776,0.015667800547411015,-0.0060575530837361224,28.97770979020979,1.5551606316328574,-0.002511579805887766
勢い,A 5日/25日線クロス,2,TOPIX外(新興など),1951,0.3603280369041517,0.0018947759093385658,-0.016643515509197404,22.95950794464377,1.0506680264885135,-0.008157696844346198
勢い,A 5日/25日線クロス,2,その他(個別指定),67,0.5223880597014925,0.08353785245800499,0.004615926204164955,27.761194029850746,4.798368369640997,0.04382127644361586
勢い,A 5日/25日線クロス,2,中型(Mid400),1996,0.38827655310621245,0.00829928418662945,-0.018925890659816813,24.071142284569138,1.2545455125207874,-0.006038833441018552
勢い,A 5日/25日線クロス,2,大型(TOPIX100),1935,0.3937984496124031,0.009454321558444424,-0.015012289015308045,24.781912144702844,1.332600114400667,-0.007584614892008136
勢い,A 5日/25日線クロス,2,小型1(Small1),2000,0.3805,0.009723386525712207,-0.01816004206054217,24.031,1.304796100415053,-0.005195655074229448
勢い,A 5日/25日線クロス,2,小型2(Small2),1971,0.3622526636225266,0.007194308645954416,-0.017147361175016473,22.729071537290714,1.2204610421743747,-0.005411588061606136
勢い,A 5日/25日線クロス,2,日本株 全体,9853,0.377042525119253,0.00732598666840784,-0.017258332588909853,23.71399573733888,1.2247547434071366,-0.0064653362555072355
勢い,A 5日/25日線クロス,2,米国(S&P500),2689,0.4191149126069171,0.007479641490671272,-0.01235208644788599,25.013759761993306,1.2662077572826307,-0.009175266696562536
勢い,A 5日/25日線クロス,3,TOPIX外(新興など),1004,0.3794820717131474,0.001231182663586894,-0.01803824328310888,22.628486055776893,1.028497872269669,-0.009463915046662334
勢い,A 5日/25日線クロス,3,その他(個別指定),41,0.6585365853658537,0.10918892799401868,0.027425311964782484,30.48780487804878,6.425274272585828,0.06407798870280071
勢い,A 5日/25日線クロス,3,中型(Mid400),1149,0.38990426457789384,0.006743141666396814,-0.017639299465312397,24.828546562228023,1.2038584515462112,-0.008606768684476018
勢い,A 5日/25日線クロス,3,大型(TOPIX100),1158,0.4006908462867012,0.008394601409834444,-0.01706745074233873,24.208981001727114,1.2893807232599823,-0.009460529739751774
勢い,A 5日/25日線クロス,3,小型1(Small1),1163,0.3903697334479794,0.011415925104421616,-0.018814570794546737,24.48409286328461,1.345542405790166,-0.0047542095758231675
勢い,A 5日/25日線クロス,3,小型2(Small2),1097,0.37739288969917956,0.010994966954733164,-0.017050826405474173,23.913400182315407,1.3126849529780034,-0.0034010018172277554
勢い,A 5日/25日線クロス,3,日本株 全体,5571,0.38790163345898404,0.007905784463705634,-0.017753997156493506,24.0511577813678,1.2294264782427848,-0.007109367455416564
勢い,A 5日/25日線クロス,3,米国(S&P500),1493,0.42196918955123913,0.006315892003015163,-0.011884865766630726,25.444072337575353,1.2289844456536243,-0.011654322371416623
勢い,B 25日/75日線クロス,1,TOPIX外(新興など),1294,0.4234930448222566,0.029192284583298398,-0.013145558696585069,96.18933539412674,1.5226827374119019,-0.008864571112372197
勢い,B 25日/75日線クロス,1,その他(個別指定),41,0.5121951219512195,0.4573880338298406,0.00593271938343376,109.2439024390244,8.283093795178347,0.24819334195657033
勢い,B 25日/75日線クロス,1,中型(Mid400),1416,0.4696327683615819,0.05580234146208655,-0.006943852999213462,99.12288135593221,2.1666991906357422,-0.003949706686389685
勢い,B 25日/75日線クロス,1,大型(TOPIX100),1343,0.5070737155621743,0.06580132971011227,0.0029515327550813097,96.90915860014891,2.7113034930479993,-0.001345158828473687
勢い,B 25日/75日線クロス,1,小型1(Small1),1413,0.49256900212314225,0.059985387581901084,-0.002045697277225922,98.0134465675867,2.3301622756979183,-0.0006149535091906972
勢い,B 25日/75日線クロス,1,小型2(Small2),1321,0.4587433762301287,0.0558603616336803,-0.006668192179998367,98.12717638152914,2.2477613972426065,0.0006260523943117288
勢い,B 25日/75日線クロス,1,日本株 全体,6787,0.47090025047885664,0.05358965786549306,-0.006757822528549284,97.70075143656992,2.156490707037153,-0.0027865039177218556
勢い,B 25日/75日線クロス,1,米国(S&P500),1743,0.5226620768789444,0.07188520707007061,0.006585775403439076,104.22203098106712,2.494508217965681,0.0012923700272668079
勢い,B 25日/75日線クロス,2,TOPIX外(新興など),1057,0.3661305581835383,0.016426522845774446,-0.025418573855187088,77.11920529801324,1.2744534867410338,-0.0165532969549516
勢い,B 25日/75日線クロス,2,その他(個別指定),32,0.53125,0.5218743309909107,0.02315655759941615,96.25,9.645009835580545,0.35069291939591074
勢い,B 25日/75日線クロス,2,中型(Mid400),1033,0.43756050338818975,0.04746082171113529,-0.017796698791109455,84.594385285576,1.964557950072071,-0.005701119365138704
勢い,B 25日/75日線クロス,2,大型(TOPIX100),980,0.4826530612244898,0.05926552963494057,-0.00512460013129068,88.21020408163265,2.40886775520571,-0.004002926658561783
勢い,B 25日/75日線クロス,2,小型1(Small1),1055,0.4218009478672986,0.05046865128903209,-0.019240710145636664,84.21800947867298,2.041025265686111,-0.004458817680814639
勢い,B 25日/75日線クロス,2,小型2(Small2),1032,0.40891472868217055,0.03952011515708179,-0.01881920074567922,79.94864341085271,1.8346749912364975,-0.006931081338540044
勢い,B 25日/75日線クロス,2,日本株 全体,5157,0.42253248012410316,0.04236945287373771,-0.01817521974317704,82.7426798526275,1.8557667328208018,-0.007594703879308792
勢い,B 25日/75日線クロス,2,米国(S&P500),1333,0.46811702925731435,0.052321342032209665,-0.011082203225888154,88.34133533383346,2.0343585838624714,-0.010382330778254513
勢い,B 25日/75日線クロス,3,TOPIX外(新興など),675,0.36592592592592593,0.012492829860964873,-0.03489582839520822,70.2,1.1857409974642388,-0.021355733946326116
勢い,B 25日/75日線クロス,3,その他(個別指定),21,0.6666666666666666,0.7706399701671961,0.10574758248474114,111.80952380952381,16.493981002683572,0.5647093768201447
勢い,B 25日/75日線クロス,3,中型(Mid400),671,0.4396423248882265,0.05473333559067922,-0.018418535031537897,86.52011922503726,2.11386525777613,-0.002347359346320065
勢い,B 25日/75日線クロス,3,大型(TOPIX100),692,0.4624277456647399,0.057156022194704476,-0.009365799288805043,85.38150289017341,2.3577732160466027,-0.008292446457153574
勢い,B 25日/75日線クロス,3,小型1(Small1),686,0.4446064139941691,0.061903173299597554,-0.020291736189212928,83.76822157434403,2.2705972349024304,0.0034293072249260204
勢い,B 25日/75日線クロス,3,小型2(Small2),681,0.4185022026431718,0.04472452550770463,-0.024213974010729222,78.60499265785609,1.8684781404677786,-0.0038321942701529266
勢い,B 25日/75日線クロス,3,日本株 全体,3405,0.426431718061674,0.04629476489001566,-0.020272380414272928,80.91600587371512,1.89567916524389,-0.006456913663781515
勢い,B 25日/75日線クロス,3,米国(S&P500),883,0.4711211778029445,0.05402055893069773,-0.008112549529452728,87.95356738391845,2.1075309363029464,-0.012364793026418077
勢い,C 25/75クロス+損切り8%,1,TOPIX外(新興など),1880,0.3382978723404255,0.017658746733174923,-0.04135613812732769,58.55904255319149,1.3428994973546515,-0.005634925357953029
勢い,C 25/75クロス+損切り8%,1,その他(個別指定),53,0.41509433962264153,0.34787474852373185,-0.08130904808461104,79.88679245283019,6.860589419484188,0.2015919228152681
勢い,C 25/75クロス+損切り8%,1,中型(Mid400),1963,0.38563423331635255,0.03250094383957368,-0.03891507963594232,64.50738665308202,1.660867497192174,-0.005920016442458928
勢い,C 25/75クロス+損切り8%,1,大型(TOPIX100),1730,0.4346820809248555,0.04427097264282665,-0.022015067376131348,69.85549132947978,2.0300519388242817,-0.0038212591602003083
勢い,C 25/75クロス+損切り8%,1,小型1(Small1),1952,0.39241803278688525,0.036987823899574834,-0.036733744502955745,64.19979508196721,1.785393171856683,-0.001869304565361777
勢い,C 25/75クロス+損切り8%,1,小型2(Small2),1841,0.3704508419337317,0.03148103000228018,-0.03301702323096245,63.15263443780554,1.6720955501984296,-0.0035027713862238225
勢い,C 25/75クロス+損切り8%,1,日本株 全体,9366,0.3836216100790092,0.032430427906652785,-0.03439324898655882,63.97085201793722,1.6812355028937322,-0.00415576712900591
勢い,C 25/75クロス+損切り8%,1,米国(S&P500),2438,0.40689089417555374,0.04753047670947146,-0.03766876015861398,68.17063166529942,1.9672797559041943,0.002587599010515989
勢い,C 25/75クロス+損切り8%,2,TOPIX外(新興など),1268,0.3115141955835962,0.008352548294375598,-0.049449904185382865,54.40378548895899,1.1551622950613465,-0.01538960662898206
勢い,C 25/75クロス+損切り8%,2,その他(個別指定),34,0.47058823529411764,0.5042755253950938,-0.013981992155209788,86.41176470588235,13.682121009083959,0.35299644303177213
勢い,C 25/75クロス+損切り8%,2,中型(Mid400),1136,0.38116197183098594,0.03665620242069883,-0.04357724212842162,68.3080985915493,1.753979610718852,-0.006341750365205919
勢い,C 25/75クロス+損切り8%,2,大型(TOPIX100),1068,0.42696629213483145,0.044775092637641824,-0.024555873042756526,73.84925093632958,2.0396951490216484,-0.008322993635355562
勢い,C 25/75クロス+損切り8%,2,小型1(Small1),1185,0.3620253164556962,0.03671808935544513,-0.04234275456305037,65.03037974683544,1.7710383100349498,-0.005643369614374384
勢い,C 25/75クロス+損切り8%,2,小型2(Small2),1184,0.33868243243243246,0.022933973842411325,-0.04421289600428141,60.586148648648646,1.4671816386950376,-0.011763466042789368
勢い,C 25/75クロス+損切り8%,2,日本株 全体,5841,0.3619243280260229,0.02922736467039909,-0.041773767779980764,64.07259030987845,1.6010423841418049,-0.009625499676541548
勢い,C 25/75クロス+損切り8%,2,米国(S&P500),1482,0.40823211875843457,0.039163283058471006,-0.03281665958471519,72.34008097165992,1.8332470136126993,-0.011320800231397378
勢い,C 25/75クロス+損切り8%,3,TOPIX外(新興など),749,0.32176234979973295,0.011798558339247705,-0.058205968505497085,53.329773030707614,1.205969643648906,-0.014441872979686434
勢い,C 25/75クロス+損切り8%,3,その他(個別指定),23,0.6086956521739131,0.7170431785089891,0.07240468704639458,98.43478260869566,24.064670642392002,0.5384370989381531
勢い,C 25/75クロス+損切り8%,3,中型(Mid400),738,0.37398373983739835,0.038953708842880144,-0.05219441429480659,70.24254742547426,1.7862814199111727,-0.006929461420716996
勢い,C 25/75クロス+損切り8%,3,大型(TOPIX100),727,0.4236588720770289,0.04728562542019765,-0.020187742945668607,74.828060522696,2.1284244706731985,-0.009739074826020825
勢い,C 25/75クロス+損切り8%,3,小型1(Small1),749,0.37783711615487314,0.048658434210490424,-0.045497394436777916,68.32443257676903,2.0280871899552455,0.0007561496147538016
勢い,C 25/75クロス+損切り8%,3,小型2(Small2),746,0.3552278820375335,0.030239044019270273,-0.051672833079094316,62.42225201072386,1.5827724261983371,-0.00797473489494124
勢い,C 25/75クロス+損切り8%,3,日本株 全体,3709,0.3701806416823942,0.035310083867527285,-0.04649479948484625,65.76570504179024,1.7114221693847007,-0.007655435146661362
勢い,C 25/75クロス+損切り8%,3,米国(S&P500),959,0.4035453597497393,0.038956203656911936,-0.03518168410842171,73.71115745568301,1.8334404293077449,-0.015276418655770037
勢い,D 高値から-10%,1,TOPIX外(新興など),1937,0.403200826019618,0.01413396748187111,-0.035413156614970465,53.443985544656684,1.257596329057689,-0.006624419967999022
勢い,D 高値から-10%,1,その他(個別指定),67,0.43283582089552236,0.08444182833572152,-0.02713844686349176,56.08955223880597,2.953973139031925,0.007120858347073013
勢い,D 高値から-10%,1,中型(Mid400),2206,0.4057116953762466,0.023864997107144837,-0.030002478011128098,55.6350861287398,1.4956293210275315,-0.008514227144549734
勢い,D 高値から-10%,1,大型(TOPIX100),1847,0.44775311315646993,0.03781246713188694,-0.017902416308790747,64.91662154845696,1.8820254077090637,-0.005148624505408085
勢い,D 高値から-10%,1,小型1(Small1),2150,0.4097674418604651,0.028218232169385207,-0.028599529100852006,55.994418604651166,1.6020405601765424,-0.004614061545553114
勢い,D 高値から-10%,1,小型2(Small2),1998,0.3938938938938939,0.02550667493544239,-0.029786752133336647,55.95495495495496,1.5378581632903934,-0.004174297611756165
勢い,D 高値から-10%,1,日本株 全体,10138,0.41142237127638587,0.02579353335061483,-0.02886491533606722,57.046656145196295,1.5367238169971995,-0.005857553262143182
勢い,D 高値から-10%,1,米国(S&P500),2718,0.42935982339955847,0.030664761890356385,-0.022623461275771584,59.487490802060336,1.6774280080402086,-0.00666123737123117
勢い,D 高値から-10%,2,TOPIX外(新興など),1318,0.38012139605462825,0.007245249383627344,-0.04165544981334446,52.46737481031867,1.1253717901892017,-0.013808621651150129
勢い,D 高値から-10%,2,その他(個別指定),46,0.5434782608695652,0.12411161282675985,0.033073540924934974,61.608695652173914,3.978238411893786,0.04597747245576968
勢い,D 高値から-10%,2,中型(Mid400),1260,0.4119047619047619,0.02454930867038219,-0.035110686600191066,56.47539682539683,1.5125058739941877,-0.009188624735743953
勢い,D 高値から-10%,2,大型(TOPIX100),1109,0.4328223624887286,0.03361345917329338,-0.024889703038320832,67.06762849413886,1.768391678501942,-0.011558698795172899
勢い,D 高値から-10%,2,小型1(Small1),1293,0.39443155452436196,0.025998971668417574,-0.03503944079334509,56.1600928074246,1.542038404859545,-0.008509441197224084
勢い,D 高値から-10%,2,小型2(Small2),1253,0.39185953711093374,0.024383336431064388,-0.03185954961866955,54.86512370311253,1.4967747366076107,-0.005061764644252994
勢い,D 高値から-10%,2,日本株 全体,6233,0.40125140381838603,0.02277036495281122,-0.03387864740271185,57.123375581581904,1.4599740849402907,-0.009616737692019851
勢い,D 高値から-10%,2,米国(S&P500),1550,0.4180645161290323,0.024701589203759887,-0.022541188206877172,66.31483870967742,1.5566563947398033,-0.018394499365554397
勢い,D 高値から-10%,3,TOPIX外(新興など),778,0.39588688946015427,0.009933215977309937,-0.03479137990946124,50.613110539845756,1.1729699897073782,-0.0109514919690626
勢い,D 高値から-10%,3,その他(個別指定),32,0.625,0.1525198864741598,0.08855346788429852,60.125,5.476778303886862,0.0772114132492629
勢い,D 高値から-10%,3,中型(Mid400),797,0.41405269761606023,0.028350322358028736,-0.028681553720156683,58.16436637390213,1.6237876745589988,-0.007803583868161454
勢い,D 高値から-10%,3,大型(TOPIX100),745,0.44563758389261743,0.03558776085818909,-0.016743478333782313,67.35704697986577,1.8616391379653692,-0.011899642583006804
勢い,D 高値から-10%,3,小型1(Small1),825,0.39151515151515154,0.03107305510101467,-0.03229467906918304,55.094545454545454,1.6663082802442621,-0.005037306280805467
勢い,D 高値から-10%,3,小型2(Small2),801,0.3995006242197253,0.027687604407962696,-0.029720443733519453,54.79026217228464,1.5632759656591801,-0.0029532615741889932
勢い,D 高値から-10%,3,日本株 全体,3946,0.4087683730359858,0.026520317379159178,-0.028971655760656023,57.08438925494171,1.5521864690604417,-0.007634640400857917
勢い,D 高値から-10%,3,米国(S&P500),966,0.41200828157349895,0.02476238595633426,-0.025633529597798743,70.7184265010352,1.5604286601197384,-0.02289326595859679
反転,A 5日/25日線クロス,1,TOPIX外(新興など),1332,0.3633633633633634,0.0025211482384637596,-0.014406286962712345,26.47147147147147,1.0703254784963252,-0.0056220375450771595
反転,A 5日/25日線クロス,1,その他(個別指定),18,0.4444444444444444,0.06241538678920798,-0.0031781061620569373,29.27777777777778,2.887956383305117,0.015018411447522513
反転,A 5日/25日線クロス,1,中型(Mid400),994,0.4275653923541248,0.012985879269109714,-0.012943650622447178,27.312877263581488,1.4299236113292222,-0.0009625359888947929
反転,A 5日/25日線クロス,1,大型(TOPIX100),689,0.3889695210449927,0.009950769245681603,-0.013530248316470206,25.660377358490567,1.3633381718779902,-0.0048868454748985535
反転,A 5日/25日線クロス,1,小型1(Small1),1041,0.3928914505283381,0.00559356492930615,-0.014982621714448752,26.17195004803074,1.1786639277242528,-0.007163556675714821
反転,A 5日/25日線クロス,1,小型2(Small2),1062,0.4048964218455744,0.011081681644602083,-0.012600190069275319,27.08003766478343,1.3662037328497387,-0.002263830101715988
反転,A 5日/25日線クロス,1,日本株 全体,5118,0.3939038686987104,0.007955033305075913,-0.013713664712589446,26.591051191871824,1.2522952244378598,-0.004234818558548421
反転,A 5日/25日線クロス,1,米国(S&P500),935,0.44278074866310163,0.009896738713664036,-0.009060763388752724,27.52620320855615,1.302723461977085,-0.005332806783812828
反転,A 5日/25日線クロス,2,TOPIX外(新興など),715,0.32167832167832167,-0.004835018345865329,-0.021098457684739946,22.945454545454545,0.8840741565073014,-0.012631571062969702
反転,A 5日/25日線クロス,2,その他(個別指定),12,0.5833333333333334,0.09334343889729352,0.02076844547614176,30.416666666666668,4.149765058446747,0.03860479729079427
反転,A 5日/25日線クロス,2,中型(Mid400),556,0.41007194244604317,0.010427861390460777,-0.015557783106279477,25.17086330935252,1.3240837053375403,-0.0028165379658954544
反転,A 5日/25日線クロス,2,大型(TOPIX100),386,0.344559585492228,-0.0013318263285339415,-0.021853872314738898,23.308290155440414,0.9593836638362773,-0.015019296990556576
反転,A 5日/25日線クロス,2,小型1(Small1),597,0.37353433835845895,0.003565196331602612,-0.021035496355903627,23.939698492462313,1.1069677690015338,-0.008581642704653652
反転,A 5日/25日線クロス,2,小型2(Small2),616,0.3717532467532468,0.0021962136388963926,-0.020217687469020362,24.069805194805195,1.0635052853710552,-0.009801510772394818
反転,A 5日/25日線クロス,2,日本株 全体,2870,0.36341463414634145,0.0018494974440819922,-0.02024353745919444,23.873519163763067,1.052260434384167,-0.009601389682191458
反転,A 5日/25日線クロス,2,米国(S&P500),530,0.4339622641509434,0.0010737287639903234,-0.012794776742518388,24.233962264150943,1.0305115323461407,-0.012536144998786192
反転,A 5日/25日線クロス,3,TOPIX外(新興など),327,0.2874617737003058,-0.026735844239140848,-0.0319713656754812,21.880733944954127,0.5296154104365058,-0.03367692693397033
反転,A 5日/25日線クロス,3,その他(個別指定),4,0.75,0.19097366678243965,0.09928788683207002,31.75,22.60117545054731,0.1259382592626226
反転,A 5日/25日線クロス,3,中型(Mid400),219,0.4200913242009132,0.008615354197388818,-0.012695241738428509,24.49771689497717,1.2661306763568791,-0.003741038439376995
反転,A 5日/25日線クロス,3,大型(TOPIX100),151,0.33112582781456956,-0.003672247936020353,-0.026606248354994477,23.807947019867548,0.8923532176753172,-0.018686058894004542
反転,A 5日/25日線クロス,3,小型1(Small1),245,0.45714285714285713,0.014213629548827416,-0.008124992840082834,25.383673469387755,1.4634632167113593,0.001011703918309788
反転,A 5日/25日線クロス,3,小型2(Small2),278,0.32014388489208634,-0.006122878744205447,-0.02973147271504928,23.744604316546763,0.8422544201905805,-0.01926215745945302
反転,A 5日/25日線クロス,3,日本株 全体,1220,0.3581967213114754,-0.0046149090055216235,-0.023805668484385478,23.7172131147541,0.8854049989006618,-0.01619692601013819
反転,A 5日/25日線クロス,3,米国(S&P500),205,0.4195121951219512,0.0038750196774854887,-0.011955928242062708,24.26341463414634,1.1177540799732322,-0.009781295006827888
反転,B 25日/75日線クロス,1,TOPIX外(新興など),582,0.40378006872852235,0.011418470265409531,-0.016516701271922785,96.28694158075601,1.1864867979483655,-0.017412809496425184
反転,B 25日/75日線クロス,1,その他(個別指定),11,0.5454545454545454,0.14778891064673866,0.0048993614382333295,69.63636363636364,3.8207594185038407,0.007876336498265078
反転,B 25日/75日線クロス,1,中型(Mid400),486,0.4835390946502058,0.05657825669641215,-0.004238759580009299,93.27160493827161,2.1865981805698707,0.003318085439661172
反転,B 25日/75日線クロス,1,大型(TOPIX100),357,0.42857142857142855,0.06386751430259588,-0.016224324897962217,87.80672268907563,2.4874652332947673,0.007659340805623713
反転,B 25日/75日線クロス,1,小型1(Small1),485,0.44536082474226807,0.039865636194601275,-0.01157123406175764,95.7340206185567,1.8242909372281948,-0.012285577085236218
反転,B 25日/75日線クロス,1,小型2(Small2),488,0.45081967213114754,0.052173555283661535,-0.01161488021784296,96.90983606557377,2.12597236144598,0.0014299083335015303
反転,B 25日/75日線クロス,1,日本株 全体,2398,0.4416180150125104,0.04242652776803996,-0.012673728257765249,94.42827356130108,1.8463736136297322,-0.004607168705265753
反転,B 25日/75日線クロス,1,米国(S&P500),452,0.47345132743362833,0.05356700310158303,-0.008546379682523364,96.81858407079646,1.9726115928533279,-0.0053271952799976265
反転,B 25日/75日線クロス,2,TOPIX外(新興など),469,0.31769722814498935,0.002209487010615116,-0.034400620529047576,75.18336886993603,1.0331135269672644,-0.023759693349431208
反転,B 25日/75日線クロス,2,その他(個別指定),9,0.5555555555555556,0.1970428022970275,0.04083189320590508,74.88888888888889,5.052159952895438,0.0397752864260886
反転,B 25日/75日線クロス,2,中型(Mid400),395,0.4151898734177215,0.04729417146655602,-0.020517276390616512,81.11139240506328,1.9141626049680143,-0.00015454671261251737
反転,B 25日/75日線クロス,2,大型(TOPIX100),283,0.392226148409894,0.0565536259592684,-0.03308190024920277,79.13074204946996,2.1585164717860827,0.005084053778095981
反転,B 25日/75日線クロス,2,小型1(Small1),413,0.4067796610169492,0.033159559837807724,-0.025568133196458454,80.6682808716707,1.6451465193713002,-0.012870472925429127
反転,B 25日/75日線クロス,2,小型2(Small2),393,0.4071246819338422,0.04041023082119874,-0.0242630880756749,82.27480916030534,1.7979638375682823,-0.0035475498375360185
反転,B 25日/75日線クロス,2,日本株 全体,1953,0.38504864311315923,0.03343483984100705,-0.027925539605647254,79.54121863799283,1.6121305833437172,-0.008435866522026573
反転,B 25日/75日線クロス,2,米国(S&P500),379,0.44591029023746703,0.037021811229086383,-0.020323166430777584,85.55672823218997,1.6150436846078324,-0.016386549842630056
反転,B 25日/75日線クロス,3,TOPIX外(新興など),304,0.2894736842105263,-0.009990120109071427,-0.047797357433138565,71.27631578947368,0.8706175209642284,-0.03432397678472237
反転,B 25日/75日線クロス,3,その他(個別指定),4,0.75,0.37570208808231575,0.2831061482207806,89.5,58.35872521871413,0.15142929115580564
反転,B 25日/75日線クロス,3,中型(Mid400),209,0.40669856459330145,0.06294961445687784,-0.018280667275882068,86.25837320574162,2.2134813586814706,0.01288705127165326
反転,B 25日/75日線クロス,3,大型(TOPIX100),148,0.40540540540540543,0.058486885277562725,-0.02997170846939906,81.56756756756756,2.2103002033696826,0.003529071703394306
反転,B 25日/75日線クロス,3,小型1(Small1),230,0.43043478260869567,0.032506134920357546,-0.025020473290680245,79.13478260869566,1.6324697999066122,-0.014449974101993926
反転,B 25日/75日線クロス,3,小型2(Small2),253,0.391304347826087,0.04545996550055286,-0.03137516499703641,82.16600790513834,1.8179330316969728,-0.0034839344438790058
反転,B 25日/75日線クロス,3,日本株 全体,1144,0.3767482517482518,0.03300114880483493,-0.03323880015774372,79.33304195804196,1.5605589343588522,-0.009985771042340651
反転,B 25日/75日線クロス,3,米国(S&P500),197,0.4619289340101523,0.050908332434594396,-0.017940420689803394,85.751269035533,1.8494524697917067,-0.004898281789314758
反転,C 25/75クロス+損切り8%,1,TOPIX外(新興など),862,0.3213457076566125,0.006935295677065249,-0.043694895327336836,56.65893271461717,1.1308081265317018,-0.011365744266451998
反転,C 25/75クロス+損切り8%,1,その他(個別指定),12,0.5,0.1435095818502272,-0.00023981908858050627,58.916666666666664,4.636846692206612,0.030632097327158433
反転,C 25/75クロス+損切り8%,1,中型(Mid400),633,0.39968404423380727,0.03618334334049547,-0.03765578836010541,64.16429699842023,1.77638717180585,-0.00029868018983298923
反転,C 25/75クロス+損切り8%,1,大型(TOPIX100),443,0.35665914221218964,0.045633977477632,-0.04045266439716855,64.59142212189616,1.999280892671691,0.005254312508086596
反転,C 25/75クロス+損切り8%,1,小型1(Small1),660,0.3696969696969697,0.025702333759474193,-0.04103094483137737,61.91969696969697,1.5331192401323677,-0.007514164934050343
反転,C 25/75クロス+損切り8%,1,小型2(Small2),665,0.3669172932330827,0.032427880775177054,-0.031289558512462734,63.981954887218045,1.700956539760654,-0.0005047968002608261
反転,C 25/75クロス+損切り8%,1,日本株 全体,3263,0.36040453570334047,0.026854494093625673,-0.039193436369618806,61.748391051179894,1.5545355049123057,-0.003969878763533625
反転,C 25/75クロス+損切り8%,1,米国(S&P500),613,0.36541598694942906,0.027590519422752202,-0.05721940644816015,63.42251223491028,1.4975255137506638,-0.010563229004019585
反転,C 25/75クロス+損切り8%,2,TOPIX外(新興など),559,0.26654740608228983,-0.0038488842184950193,-0.058015944265765285,51.08407871198569,0.9356205092722955,-0.022609558351282626
反転,C 25/75クロス+損切り8%,2,その他(個別指定),9,0.5555555555555556,0.20965236151341818,0.04083189320590508,72.66666666666667,6.820919705413994,0.05732468464078147
反転,C 25/75クロス+損切り8%,2,中型(Mid400),428,0.37383177570093457,0.04261921888351616,-0.0368157681941963,68.14252336448598,1.896163942648324,0.002731447945238928
反転,C 25/75クロス+損切り8%,2,大型(TOPIX100),318,0.33962264150943394,0.030597614141023403,-0.053252976592405354,62.855345911949684,1.6183875773635352,-0.009348587687353211
反転,C 25/75クロス+損切り8%,2,小型1(Small1),453,0.3730684326710817,0.028278144467903388,-0.04080914587302531,64.24944812362031,1.5986124256545287,-0.008152431054203456
反転,C 25/75クロス+損切り8%,2,小型2(Small2),449,0.35412026726057905,0.03053794073945724,-0.04076025723307097,63.15812917594655,1.6382533805983723,-0.002489777262958584
反転,C 25/75クロス+損切り8%,2,日本株 全体,2207,0.33756230176710467,0.023715938168023646,-0.04605171642147343,61.24694154961486,1.4657055286460174,-0.008723831237428916
反転,C 25/75クロス+損切り8%,2,米国(S&P500),429,0.3752913752913753,0.02711301394008507,-0.050782216996029916,65.26340326340326,1.5292073255853804,-0.012662742996331293
反転,C 25/75クロス+損切り8%,3,TOPIX外(新興など),319,0.2413793103448276,-0.011467600739255766,-0.07706894875036452,48.65203761755486,0.8278150670726834,-0.02871363645556928
反転,C 25/75クロス+損切り8%,3,その他(個別指定),4,0.75,0.37570208808231575,0.2831061482207806,89.5,58.35872521871413,0.15142929115580564
反転,C 25/75クロス+損切り8%,3,中型(Mid400),211,0.36018957345971564,0.05909594136690945,-0.03616040189278824,73.08056872037915,2.2357584765396403,0.016385995686798247
反転,C 25/75クロス+損切り8%,3,大型(TOPIX100),149,0.33557046979865773,0.02117759414350668,-0.044857034175237454,65.73825503355705,1.4444084033509395,-0.02049207073787412
反転,C 25/75クロス+損切り8%,3,小型1(Small1),234,0.4017094017094017,0.03330214640348396,-0.038794707545879936,66.97435897435898,1.7296873595428912,-0.006044016104862234
反転,C 25/75クロス+損切り8%,3,小型2(Small2),264,0.3333333333333333,0.01918632038475395,-0.05420747400194276,61.53787878787879,1.369976921424959,-0.014640694250409902
反転,C 25/75クロス+損切り8%,3,日本株 全体,1177,0.32710280373831774,0.021091275581960993,-0.054524463058578054,61.72727272727273,1.395253602941751,-0.011924355590485462
反転,C 25/75クロス+損切り8%,3,米国(S&P500),200,0.36,0.02523349648301817,-0.05571936896860519,65.09,1.4835181710569685,-0.011603627133795834
反転,D 高値から-10%,1,TOPIX外(新興など),880,0.3931818181818182,0.006365404026347832,-0.037676694562242985,51.99431818181818,1.1165956016330265,-0.009835394941120968
反転,D 高値から-10%,1,その他(個別指定),13,0.6153846153846154,0.11703079748298673,0.013131709394406554,62.46153846153846,4.853881954341866,0.02441564506884761
反転,D 高値から-10%,1,中型(Mid400),655,0.43206106870229005,0.02833054916511555,-0.02537278263143461,57.56488549618321,1.6410762195690392,-0.00242526318258496
反転,D 高値から-10%,1,大型(TOPIX100),425,0.37411764705882355,0.02189136550319969,-0.036020895829964594,63.79529411764706,1.4722843363332199,-0.015433395348537035
反転,D 高値から-10%,1,小型1(Small1),657,0.380517503805175,0.014284786925821956,-0.040382777788992796,58.146118721461185,1.2830069444781307,-0.01613426499776652
反転,D 高値から-10%,1,小型2(Small2),698,0.39111747851002865,0.02294841715759741,-0.03153806980683593,57.70773638968481,1.4687914120929995,-0.0040378665646993534
反転,D 高値から-10%,1,日本株 全体,3315,0.39547511312217193,0.01775716312864696,-0.033384437098182285,57.030165912518854,1.3588915143025786,-0.009116600579668354
反転,D 高値から-10%,1,米国(S&P500),701,0.4136947218259629,0.015783484182608692,-0.017958054675145108,50.621968616262485,1.3426988268250832,-0.012254423957521007
反転,D 高値から-10%,2,TOPIX外(新興など),519,0.3603082851637765,-0.0009487348250164916,-0.045522438649008845,54.410404624277454,0.9842358401263716,-0.018214333859061675
反転,D 高値から-10%,2,その他(個別指定),10,0.5,0.12309064428425173,0.038468687705179694,65.1,4.327219501169676,0.03867381340061664
反転,D 高値から-10%,2,中型(Mid400),427,0.40046838407494145,0.028104107366944953,-0.03764081376132189,59.077283372365336,1.5873619722990593,-0.0037693234731905867
反転,D 高値から-10%,2,大型(TOPIX100),294,0.3707482993197279,0.012201120967813917,-0.04036496083844038,63.52721088435374,1.2479468779839893,-0.02508995305950946
反転,D 高値から-10%,2,小型1(Small1),434,0.3870967741935484,0.018271527523195087,-0.03774900827708727,61.705069124423964,1.3675146644227374,-0.015144908870333826
反転,D 高値から-10%,2,小型2(Small2),439,0.38496583143507973,0.02098160395445014,-0.04519964578043234,63.804100227790435,1.4080393238409694,-0.007887367063819314
反転,D 高値から-10%,2,日本株 全体,2113,0.3805016564126834,0.015256013779985568,-0.04224742937910575,60.071935636535734,1.2922995255321414,-0.013475925786153685
反転,D 高値から-10%,2,米国(S&P500),436,0.3853211009174312,0.01076547125042425,-0.028565528292954,55.174311926605505,1.2268345403861667,-0.019542758298190764
反転,D 高値から-10%,3,TOPIX外(新興など),301,0.3521594684385382,-0.002240874372984862,-0.04591186003085912,55.18604651162791,0.9649337711291561,-0.019686344694483143
反転,D 高値から-10%,3,その他(個別指定),4,0.75,0.2108184813120605,0.1800250086347478,67.25,47.276278404634695,0.11318417231438521
反転,D 高値から-10%,3,中型(Mid400),209,0.3875598086124402,0.03050102582222258,-0.034003784620903255,59.239234449760765,1.6419335301418065,-0.0006701078159171037
反転,D 高値から-10%,3,大型(TOPIX100),144,0.3611111111111111,0.017404388464498783,-0.03925302344519377,67.24305555555556,1.3721518388048046,-0.022244149140458164
反転,D 高値から-10%,3,小型1(Small1),222,0.40540540540540543,0.01791917033671,-0.030400510004221337,62.77477477477478,1.3790247072763522,-0.01622285429346891
反転,D 高値から-10%,3,小型2(Small2),256,0.39453125,0.032187148459647895,-0.04409087749071228,68.44921875,1.6553042779949272,-0.0004859276673064598
反転,D 高値から-10%,3,日本株 全体,1132,0.37985865724381623,0.01804276410767083,-0.03966861177342784,61.95583038869258,1.3463541508826766,-0.011479391253332711
反転,D 高値から-10%,3,米国(S&P500),196,0.39285714285714285,0.0145245305227065,-0.02727126482544573,56.892857142857146,1.3187093887938013,-0.015227439262584793
