戦略,スコア,規模,回数,20日 勝率,20日 上乗せ,60日 勝率,60日 上乗せ
勢い,1,TOPIX外(新興など),5576,0.4836139779105559,-0.0033203888812941566,0.49602514327971897,-0.0050642633144059495
勢い,1,その他(個別指定),150,0.5133333333333333,0.0019333790918230798,0.6122448979591837,0.009073625094646024
勢い,1,中型(Mid400),6177,0.5202933985330074,-0.0046685789561847985,0.5703371532967946,-0.0019509639384164656
勢い,1,大型(TOPIX100),5765,0.5414847161572053,-0.0034936144964966983,0.5948872714361797,-0.0017888511430851277
勢い,1,小型1(Small1),6297,0.5187020460358056,-0.002923814992813597,0.564926590538336,-0.0012348083450146093
勢い,1,小型2(Small2),5742,0.5114155251141552,-0.003109507746603109,0.5326398852223816,-0.003884017009479057
勢い,1,日本株 全体,29557,0.5154604029591245,-0.003510657156929906,0.5527129896763878,-0.002726636540360132
勢い,1,米国(S&P500),8236,0.5622862725940401,-0.001049871273518123,0.6049888309754281,-0.0016073019850012453
勢い,2,TOPIX外(新興など),3384,0.4632616487455197,-0.005597638679064144,0.47670141017780504,-0.013907827025905832
勢い,2,その他(個別指定),123,0.5702479338842975,0.005931443423701022,0.6101694915254238,0.03598493510011313
勢い,2,中型(Mid400),3519,0.5190162996854447,-0.004829750923731826,0.5652173913043478,-0.0045802179076281984
勢い,2,大型(TOPIX100),3433,0.5234604105571847,-0.005269193139214865,0.5787578757875788,-0.00656522820299136
勢い,2,小型1(Small1),3514,0.5123279816513762,-0.0056274696825504055,0.5444672732609334,-0.00799168084444301
勢い,2,小型2(Small2),3391,0.4927061625483775,-0.00412895476400255,0.5213648939440516,-0.003593347513352487
勢い,2,日本株 全体,17241,0.5024558531165946,-0.00509275261300082,0.53782520081525,-0.007305026988758533
勢い,2,米国(S&P500),4748,0.5506235468188544,-0.005987168754933241,0.5911936110511548,-0.01620979966911654
勢い,3,TOPIX外(新興など),1708,0.46208530805687204,-0.005573241297390717,0.44162129461585,-0.0210697748627719
勢い,3,その他(個別指定),81,0.65,0.04316371279109628,0.717948717948718,0.1242624280084753
勢い,3,中型(Mid400),2016,0.514985014985015,-0.007017071565855626,0.5707762557077626,-0.003790211163399959
勢い,3,大型(TOPIX100),2032,0.5143564356435644,-0.007475885530829955,0.5631313131313131,-0.013941995621797388
勢い,3,小型1(Small1),2032,0.5193069306930693,-0.004388682713916048,0.5450861195542046,-0.005256104945175513
勢い,3,小型2(Small2),1920,0.5104931794333684,-0.003090833436394996,0.5219037317468902,-0.0001796137332124086
勢い,3,日本株 全体,9708,0.5056039850560399,-0.005532727788397083,0.5315582900180333,-0.008551145893377354
勢い,3,米国(S&P500),2653,0.5446293494704992,-0.008491557365768152,0.5796153846153846,-0.019861927898480364
勢い,4,TOPIX外(新興など),723,0.46078431372549017,-0.012421214998377466,0.43607954545454547,-0.031364677124034235
勢い,4,その他(個別指定),36,0.5277777777777778,0.024022661685846998,0.5833333333333334,0.03875169860359388
勢い,4,中型(Mid400),577,0.5130890052356021,-0.006068016925991321,0.5827464788732394,0.007240733994407369
勢い,4,大型(TOPIX100),552,0.4818181818181818,-0.013668249034618099,0.5459558823529411,-0.01665599031999098
勢い,4,小型1(Small1),738,0.4891304347826087,-0.009206111096220307,0.5526315789473685,-0.002894295231095455
勢い,4,小型2(Small2),821,0.49447852760736194,-0.00032294589403862383,0.467680608365019,-0.0062595013154446676
勢い,4,日本株 全体,3411,0.4873081463990555,-0.007940424098858947,0.5118725578599339,-0.010236634269705008
勢い,4,米国(S&P500),596,0.5480607082630692,-0.009562151021781415,0.6243567753001715,-0.004147044718987277
反転,1,TOPIX外(新興など),2389,0.4371055952881784,-0.00776573874447773,0.44477611940298506,-0.013717337332595373
反転,1,その他(個別指定),33,0.65625,0.015966351533495925,0.6551724137931034,0.014230633384677931
反転,1,中型(Mid400),1771,0.5127913587265491,-0.0044783334535942534,0.5773016792125072,-0.0015841960651086708
反転,1,大型(TOPIX100),1188,0.5,-0.006310996913880728,0.5929127052722558,-0.004103032757902319
反転,1,小型1(Small1),1820,0.4980737479361585,-0.007027555223823384,0.5285635052689961,-0.009189560117732695
反転,1,小型2(Small2),1920,0.5039287585123101,-0.004397968131045023,0.5319829424307037,-0.004118882513307683
反転,1,日本株 全体,9088,0.4863998230871296,-0.00607706069179068,0.5250336775931747,-0.007178499330658853
反転,1,米国(S&P500),1648,0.5320708613317043,-0.005073027389798091,0.5778611632270169,-0.00326681058810089
反転,2,TOPIX外(新興など),1102,0.4408014571948998,-0.008856924058897753,0.44598337950138506,-0.021010668287066596
反転,2,その他(個別指定),16,0.7333333333333333,-0.007705751329358536,0.5,-0.03427744226896019
反転,2,中型(Mid400),792,0.5133418043202033,-0.004391220219518686,0.5717981888745148,-0.006847215800039286
反転,2,大型(TOPIX100),530,0.4706994328922495,-0.012579565630893514,0.5384615384615384,-0.01237156949645933
反転,2,小型1(Small1),892,0.4983127109111361,-0.007072809853354647,0.5278093076049943,-0.007038894995037778
反転,2,小型2(Small2),925,0.4793926247288503,-0.00906280810819459,0.5170142700329309,-0.009097329280438987
反転,2,日本株 全体,4241,0.4785798816568047,-0.00816071483634587,0.5135980746089049,-0.01174699657476211
反転,2,米国(S&P500),746,0.5254691689008043,-0.00566917289421227,0.5972413793103448,-0.00706951085485996
反転,3,TOPIX外(新興など),365,0.3839779005524862,-0.021919251768737096,0.403954802259887,-0.03035625758004397
反転,3,その他(個別指定),4,0.75,0.05995267507572736,0.6666666666666666,0.2228719576927767
反転,3,中型(Mid400),233,0.5043103448275862,-0.00045048492950785075,0.588495575221239,0.001534924571166224
反転,3,大型(TOPIX100),166,0.43373493975903615,-0.016901131806947755,0.5849056603773585,-0.010660398523835407
反転,3,小型1(Small1),270,0.5185185185185185,-0.005666356809274946,0.48120300751879697,-0.015380767028320424
反転,3,小型2(Small2),318,0.4353312302839117,-0.01761618223715071,0.4775641025641026,-0.0034075751583802706
反転,3,日本株 全体,1352,0.44988864142538976,-0.013332676786609493,0.4905087319665907,-0.013096942349650498
反転,3,米国(S&P500),220,0.5681818181818182,0.003076331627399007,0.6338028169014085,-0.005139658541580795
反転,4,TOPIX外(新興など),88,0.3563218390804598,-0.027076248424549823,0.42857142857142855,-0.04375716001184597
反転,4,その他(個別指定),1,1.0,0.07510739454881735,1.0,0.060874014897819184
反転,4,中型(Mid400),39,0.5897435897435898,-0.00462157705848699,0.5833333333333334,0.005020839676704721
反転,4,大型(TOPIX100),32,0.40625,-0.023778485717537864,0.5806451612903226,-0.005304841567608029
反転,4,小型1(Small1),33,0.5454545454545454,0.01714319101275968,0.6060606060606061,0.04624959689295065
反転,4,小型2(Small2),65,0.5076923076923077,-0.004299445022773196,0.5079365079365079,-0.02007371552677237
反転,4,日本株 全体,257,0.4609375,-0.011759864391551673,0.5141700404858299,-0.013755905594934533
反転,4,米国(S&P500),29,0.5172413793103449,-0.01322178740476151,0.6071428571428571,-0.040102029672543234
